Sobrevivio,Pclass,Genero,Edad,Tarifa,P_embarque,Miembros_de_fam,Viaja_solo
0,3,1,0.02251818668308821,0.006031578782441453,1,2,0
1,1,5,0.03889504972533418,0.0593035641134357,3,2,0
1,3,5,0.026612402443649704,0.006593139565634278,1,1,1
1,1,5,0.03582438790491306,0.04417611494450223,1,2,0
0,3,1,0.03582438790491306,0.00669713230326258,1,1,1
0,3,1,0.01830853577216513,0.007036814181451661,5,1,1
0,1,1,0.05527191276758015,0.04314658684198205,1,1,1
0,3,3,0.0020471078802807466,0.017533175564131535,1,5,0
1,3,5,0.027635956383790076,0.009262258766697302,1,3,0
1,2,3,0.014329755161965226,0.02501715851738489,3,2,0
1,3,3,0.004094215760561493,0.013893429747141002,1,3,0
1,1,5,0.059366128528141646,0.022088057472251114,1,1,1
0,3,1,0.020471078802807463,0.00669713230326258,1,1,1
0,3,1,0.039918603665474554,0.026018982954600887,1,7,0
0,3,3,0.014329755161965226,0.006534238079041609,1,1,1
1,2,5,0.05629546670772053,0.013311070416422517,1,1,1
0,3,3,0.0020471078802807466,0.024230307867394114,5,6,0
1,2,1,0.037665502553529115,0.010815244713343296,1,1,1
0,3,5,0.03173017214435157,0.014974954218475332,1,2,0
1,3,5,0.020779243736036217,0.006010780234915793,3,1,1
0,2,1,0.03582438790491306,0.02163048942668659,1,1,1
1,2,1,0.03480083396477269,0.010815244713343296,1,1,1
1,3,3,0.015353309102105599,0.006679827911721229,5,1,1
1,1,1,0.02865951032393045,0.02953393748643746,1,1,1
0,3,3,0.008188431521122986,0.017533175564131535,1,5,0
1,3,5,0.03889504972533418,0.02611257641846636,1,7,0
0,3,1,0.02337927092847695,0.006010780234915793,3,1,1
0,1,1,0.01944752486266709,0.09324334111642386,1,6,0
1,3,5,0.027059851435408042,0.006555036626567269,5,1,1
0,3,1,0.034202372435392335,0.006568846862124307,1,1,1
0,1,1,0.040942157605614926,0.023062095049972833,3,1,1
1,1,5,0.03039999828240849,0.09324334111642386,3,2,0
1,3,5,0.024857113594580933,0.006447549732954657,5,1,1
0,2,1,0.06755456004926463,0.008735389960777277,1,1,1
0,1,1,0.02865951032393045,0.06836133156086072,3,2,0
0,1,1,0.04298926548589568,0.04326097885337318,1,2,0
1,3,1,0.02464907073535932,0.006014274390900104,3,1,1
0,3,1,0.02149463274294784,0.00669713230326258,1,1,1
0,3,5,0.01842397092252672,0.014974954218475332,1,3,0
1,3,3,0.014329755161965226,0.009352441268768562,3,2,0
0,3,5,0.040942157605614926,0.007882649512225209,1,2,0
0,2,5,0.027635956383790076,0.017470779921554554,1,2,0
0,3,1,0.03555126700659425,0.006568846862124307,3,1,1
1,2,3,0.0030706618204211196,0.034591478691157196,3,4,0
1,3,5,0.01944752486266709,0.006555036626567269,5,1,1
0,3,1,0.04185098244776427,0.00669713230326258,1,1,1
0,3,1,0.03482090841047708,0.012895099465909315,5,2,0
1,3,5,0.01764541543894166,0.006447549732954657,5,1,1
0,3,1,0.03248655968071337,0.01803583486073169,3,3,0
0,3,5,0.01842397092252672,0.014808565838270052,1,2,0
0,3,3,0.007164877580982613,0.03301769419698554,1,6,0
0,3,1,0.02149463274294784,0.0064891468280059775,1,1,1
1,1,5,0.050154143066878286,0.06383423651223542,3,2,0
1,2,5,0.029683064264070823,0.02163048942668659,1,2,0
0,1,1,0.06653100610912425,0.05156309347209591,3,2,0
1,1,1,0.03188596383012424,0.02953393748643746,1,1,1
1,2,5,0.02149463274294784,0.008735389960777277,1,1,1
0,3,1,0.029171287294000637,0.006014274390900104,3,1,1
1,2,3,0.005117769700701866,0.023086387753482804,1,4,0
0,3,3,0.011259093341544105,0.0390180751581385,1,8,0
0,3,1,0.02251818668308821,0.006014274390900104,3,1,1
1,1,5,0.03889504972533418,0.06655535208211259,1,1,1
0,1,1,0.04605992730631679,0.06944635018817935,1,2,0
0,3,3,0.004094215760561493,0.023211179038636762,1,6,0
0,1,1,0.03788771450070101,0.023062095049972833,3,1,1
1,3,1,0.0323543011659278,0.0126836198346684,3,3,0
1,2,5,0.029683064264070823,0.008735389960777277,1,1,1
0,3,1,0.01944752486266709,0.006787231611143739,1,1,1
1,3,5,0.017400416982386344,0.006593139565634278,1,7,0
0,3,1,0.026612402443649704,0.007206696717641253,1,3,0
0,2,1,0.032753726084491945,0.008735389960777277,1,1,1
0,3,5,0.016376863042245973,0.0390180751581385,1,8,0
0,2,1,0.02149463274294784,0.06114772972544094,1,1,1
0,3,1,0.026612402443649704,0.012025054625815898,3,2,0
1,3,1,0.032753726084491945,0.04700122325200771,1,1,1
0,3,1,0.025588848503509332,0.006364355542852016,1,1,1
0,3,1,0.02112005476916678,0.006568846862124307,1,1,1
0,3,1,0.03254602413185104,0.00669713230326258,1,1,1
1,2,3,0.0008495497703165097,0.02412631512976581,1,3,0
1,3,5,0.030706618204211198,0.010378475215304432,1,1,1
0,3,1,0.02251818668308821,0.007487477109237666,1,1,1
1,3,1,0.029683064264070823,0.00790344805975087,1,1,1
1,3,5,0.03707338782247836,0.006478747554243147,5,1,1
0,1,1,0.02865951032393045,0.03918446353834379,1,1,1
1,2,5,0.017400416982386344,0.008735389960777277,1,1,1
1,3,5,0.03377728002463232,0.013186279131268555,1,4,0
0,3,1,0.016376863042245973,0.02859800284778275,1,5,0
0,3,1,0.044568921329414285,0.00669713230326258,1,1,1
1,1,5,0.023541740623228585,0.09324334111642386,1,6,0
0,3,1,0.024565294563368957,0.00669713230326258,1,1,1
0,3,1,0.029683064264070823,0.00669713230326258,1,1,1
0,3,1,0.020471078802807463,0.006534238079041609,1,1,1
0,1,1,0.04708348124645717,0.050894045795290464,1,2,0
0,3,1,0.026612402443649704,0.01711720461361833,1,4,0
0,3,1,0.06038968246828202,0.006031578782441453,1,1,1
0,3,1,0.04330529651885916,0.00669713230326258,1,1,1
0,1,1,0.0726723297499665,0.028830281026549328,3,1,1
1,1,1,0.023541740623228585,0.05271042454780143,3,2,0
1,2,5,0.03480083396477269,0.019134663723607368,1,2,0
0,2,1,0.03480083396477269,0.02163048942668659,1,2,0
0,3,5,0.02865951032393045,0.006568846862124307,1,1,1
0,3,1,0.023694409447012156,0.006568846862124307,1,1,1
0,1,1,0.02149463274294784,0.06429870967557845,1,2,0
0,3,1,0.03377728002463232,0.007199791599862734,1,1,1
0,3,1,0.03787149578519381,0.006593139565634278,1,3,0
0,3,1,0.02865951032393045,0.006568846862124307,1,1,1
1,3,5,0.02149463274294784,0.006364355542852016,1,1,1
1,3,1,0.02438046198396102,0.006468348280480317,1,1,1
0,3,1,0.03889504972533418,0.006568846862124307,1,1,1
1,3,5,0.025597544506848414,0.020091396909787736,5,2,0
0,1,1,0.04810703518659754,0.04326097885337318,1,1,1
0,3,3,0.014841532132035411,0.012025054625815898,3,2,0
0,3,1,0.02251818668308821,0.00669713230326258,1,1,1
0,3,5,0.020471078802807463,0.008173829177584451,1,2,0
0,3,5,0.017400416982386344,0.012028465587610105,3,1,1
0,3,1,0.02149463274294784,0.006593139565634278,1,1,1
0,3,1,0.07216055277989632,0.006447549732954657,5,1,1
0,2,1,0.029683064264070823,0.017470779921554554,1,2,0
0,1,1,0.024565294563368957,0.09324334111642386,3,2,0
0,3,3,0.0020471078802807466,0.026018982954600887,1,7,0
0,2,1,0.02149463274294784,0.06114772972544094,1,3,0
0,3,1,0.040678266231674545,0.00669713230326258,1,1,1
0,2,1,0.03326550305456213,0.02501715851738489,3,2,0
1,2,5,0.03326550305456213,0.010815244713343296,1,1,1
0,1,1,0.05527191276758015,0.06429870967557845,1,2,0
1,3,3,0.012282647281684479,0.009352441268768562,3,2,0
0,3,1,0.043981596510999296,0.006447549732954657,5,1,1
1,3,1,0.024565294563368957,0.005941479474560293,1,1,1
1,3,5,0.032646961065548305,0.018600806605718723,3,3,0
0,3,1,0.04605992730631679,0.005802794759659191,1,1,1
0,3,1,0.03377728002463232,0.006568846862124307,3,1,1
0,3,1,0.020471078802807463,0.005865190402236172,1,1,1
0,3,5,0.04810703518659754,0.012063157564882906,1,2,0
1,2,5,0.029683064264070823,0.02163048942668659,1,2,0
0,2,1,0.025588848503509332,0.010815244713343296,1,1,1
0,2,1,0.023541740623228585,0.01251723145446312,3,1,1
1,1,5,0.01944752486266709,0.021866178567247374,1,3,0
0,1,1,0.03787149578519381,0.04417611494450223,1,2,0
0,3,1,0.016376863042245973,0.007667758919190088,1,1,1
0,1,1,0.024565294563368957,0.06588979856129147,3,1,1
0,3,5,0.0320456583232224,0.0126836198346684,3,3,0
1,3,5,0.02251818668308821,0.006447549732954657,1,1,1
1,3,5,0.024565294563368957,0.013186279131268555,1,2,0
0,3,1,0.01944752486266709,0.005615607831928249,5,1,1
0,2,1,0.01842397092252672,0.009567331861803684,1,1,1
0,2,1,0.01944752486266709,0.03057386486272047,1,3,0
1,3,1,0.027635956383790076,0.006485652672021666,1,1,1
0,3,3,0.00921198546126336,0.02859800284778275,1,5,0
0,2,1,0.03735971881512362,0.02163048942668659,1,3,0
0,2,1,0.04298926548589568,0.010815244713343296,1,1,1
0,2,1,0.052201250947159036,0.010420072310355752,1,1,1
1,1,5,0.02251818668308821,0.05540733060835872,1,2,0
0,3,1,0.05680724367779071,0.00669713230326258,1,1,1
0,3,1,0.041453934575685115,0.012063157564882906,1,3,0
0,3,1,0.01648867818606755,0.0060835751512556034,1,1,1
0,1,1,0.052201250947159036,0.05106392833148006,3,2,0
1,3,5,0.016376863042245973,0.006433656303207516,5,1,1
0,3,1,0.030706618204211198,0.00669713230326258,1,1,1
0,3,1,0.027180833252214112,0.007206696717641253,1,1,1
0,3,1,0.029979819856636968,0.05786155921638663,1,11,0
0,3,1,0.04503637336617642,0.01339426460652516,1,2,0
1,2,5,0.040942157605614926,0.013103084941165915,1,1,1
0,3,1,0.026612402443649704,0.006468348280480317,1,1,1
0,3,1,0.017400416982386344,0.007206696717641253,1,1,1
0,3,3,0.0010235539401403733,0.03301769419698554,1,6,0
1,3,3,0.00921198546126336,0.01707560751856701,1,3,0
1,1,5,0.03812039982093918,0.0457568045564524,1,2,0
0,3,5,0.04605992730631679,0.023211179038636762,1,6,0
0,1,1,0.031228776333588514,0.02156809378410961,1,1,1
0,3,1,0.02865951032393045,0.04700122325200771,1,1,1
0,1,1,0.06243679034856277,0.027870053684384645,1,1,1
0,3,3,0.004094215760561493,0.024230307867394114,5,6,0
1,3,3,0.0010235539401403733,0.009262258766697302,1,3,0
0,3,1,0.02149463274294784,0.006593139565634278,1,1,1
0,1,1,0.0573190206478609,0.025537122205526393,3,1,1
0,3,1,0.01842397092252672,0.006534238079041609,1,3,0
0,3,1,0.03278126918773067,0.021186814810869207,1,5,0
0,1,5,0.051177697007018665,0.02388713183322072,3,1,1
0,2,1,0.030706618204211198,0.010815244713343296,1,1,1
0,3,1,0.03684794184505344,0.0,1,1,1
0,3,5,0.016789569988577075,0.05786155921638663,1,11,0
0,2,1,0.023365210936653707,0.01252072561044743,3,1,1
0,3,3,0.00921198546126336,0.02611257641846636,1,7,0
1,2,3,0.0010235539401403733,0.03244573414002989,1,4,0
1,3,3,0.004094215760561493,0.018323520370106622,1,3,0
0,1,1,0.036176780639868684,0.041597095051320365,1,1,1
1,3,5,0.043632620768545634,0.012895099465909315,5,2,0
1,1,1,0.04605992730631679,0.022088057472251114,1,1,1
0,3,1,0.040942157605614926,0.012895099465909315,5,3,0
0,3,1,0.03684794184505344,0.006568846862124307,1,1,1
1,2,5,0.032753726084491945,0.010815244713343296,1,1,1
0,2,1,0.01944752486266709,0.010815244713343296,1,1,1
1,3,5,0.01944752486266709,0.006534238079041609,1,2,0
1,2,3,0.0030706618204211196,0.02163048942668659,1,3,0
1,1,5,0.04503637336617642,0.023062095049972833,3,1,1
1,1,5,0.059366128528141646,0.09324334111642386,3,1,1
0,3,1,0.025190034299240036,0.006447549732954657,5,1,1
0,3,1,0.04298926548589568,0.006991806124606132,1,2,0
1,3,5,0.0401112342556053,0.006447549732954657,5,1,1
0,2,5,0.024565294563368957,0.010815244713343296,1,1,1
0,3,1,0.02865951032393045,0.00790344805975087,1,1,1
0,3,1,0.02770812559396243,0.05786155921638663,1,11,0
0,3,1,0.03480083396477269,0.005404128200687337,1,1,1
0,3,1,0.04657170427638698,0.006010780234915793,3,1,1
1,3,1,0.01842397092252672,0.00669713230326258,1,1,1
0,3,3,0.0020471078802807466,0.008704192139488786,1,2,0
0,3,1,0.032753726084491945,0.013186279131268555,1,2,0
1,3,1,0.026612402443649704,0.01563010846553363,3,1,1
1,3,5,0.016376863042245973,0.006447549732954657,5,1,1
1,1,1,0.040942157605614926,0.02579019893181863,3,1,1
0,3,1,0.024565294563368957,0.005865190402236172,1,1,1
1,2,5,0.03582438790491306,0.017470779921554554,1,1,1
0,3,1,0.02251818668308821,0.006031578782441453,1,1,1
0,2,1,0.030706618204211198,0.010815244713343296,1,1,1
0,3,1,0.0155992805286415,0.006447549732954657,5,2,0
1,1,5,0.03173017214435157,0.09324334111642386,3,2,0
1,3,5,0.027635956383790076,0.006593139565634278,1,1,1
0,2,1,0.04298926548589568,0.022462431327712997,1,2,0
1,1,5,0.032753726084491945,0.06347026193053637,3,1,1
0,2,1,0.030706618204211198,0.008735389960777277,1,1,1
1,3,1,0.016376863042245973,0.00669713230326258,1,1,1
0,2,1,0.027635956383790076,0.010815244713343296,1,1,1
0,3,1,0.052201250947159036,0.00669713230326258,1,1,1
0,3,1,0.044845421904543346,0.006568846862124307,1,1,1
1,1,1,0.03889504972533418,0.07487477109237665,1,2,0
0,3,1,0.02251818668308821,0.007778656774596908,1,1,1
1,2,1,0.01944752486266709,0.008735389960777277,1,1,1
0,3,1,0.020982855772877652,0.006031578782441453,1,1,1
0,2,1,0.01842397092252672,0.010815244713343296,1,1,1
0,3,5,0.02440206888104278,0.021186814810869207,1,5,0
1,1,5,0.03582438790491306,0.06944635018817935,1,2,0
0,3,1,0.029683064264070823,0.006468348280480317,1,1,1
0,2,1,0.06038968246828202,0.011231215663856499,1,1,1
1,3,3,0.005117769700701866,0.02611257641846636,1,7,0
0,2,1,0.024565294563368957,0.008735389960777277,1,1,1
0,3,5,0.031730804763203814,0.006281161352749375,1,1,1
0,2,1,0.04503637336617642,0.02163048942668659,1,2,0
1,2,3,0.008188431521122986,0.021838474901943194,1,3,0
0,2,1,0.01944752486266709,0.008735389960777277,1,1,1
0,2,1,0.03377728002463232,0.01021208683509915,1,1,1
0,3,5,0.04405713387141771,0.012025054625815898,3,2,0
1,3,5,0.04480843610456945,0.012895099465909315,5,2,0
0,2,1,0.029683064264070823,0.008735389960777277,1,1,1
0,3,1,0.02251818668308821,0.005927586044813153,1,1,1
0,3,1,0.030706618204211198,0.006010780234915793,3,1,1
0,1,1,0.04503637336617642,0.07487477109237665,5,3,0
0,3,5,0.025588848503509332,0.006468348280480317,1,1,1
1,2,5,0.024565294563368957,0.012063157564882906,1,3,0
1,1,1,0.03787149578519381,0.04372204105492202,1,3,0
0,2,1,0.05527191276758015,0.02163048942668659,1,2,0
0,3,1,0.04479868960984505,0.006031578782441453,1,1,1
0,3,5,0.029683064264070823,0.008704192139488786,1,3,0
0,1,1,0.06346034428870315,0.022088057472251114,1,1,1
0,3,1,0.030706618204211198,0.01339426460652516,1,2,0
0,3,5,0.041965711545755305,0.016815625674496258,1,3,0
1,3,5,0.029683064264070823,0.0126836198346684,3,3,0
1,1,5,0.04472496052948356,0.06588979856129147,3,1,1
1,1,5,0.030706618204211198,0.07196297443878423,1,1,1
1,1,5,0.03582438790491306,0.09324334111642386,3,1,1
1,2,5,0.051177697007018665,0.02163048942668659,1,2,0
0,3,1,0.03642667689531155,0.006447549732954657,5,1,1
1,3,3,0.0030706618204211196,0.02611257641846636,1,7,0
0,1,1,0.05322480488729941,0.06626417241675335,1,3,0
0,1,1,0.040942157605614926,0.0,1,1,1
0,3,5,0.020729830106493742,0.006447549732954657,5,1,1
0,2,1,0.03684794184505344,0.008735389960777277,1,1,1
0,3,1,0.016376863042245973,0.03301769419698554,1,6,0
1,3,1,0.025588848503509332,0.006468348280480317,1,2,0
1,1,5,0.059366128528141646,0.09324334111642386,1,2,0
1,1,5,0.03582438790491306,0.09324334111642386,1,1,1
0,1,1,0.04071493309378342,0.02579019893181863,1,1,1
1,3,1,0.025588848503509332,0.0,1,1,1
1,2,5,0.041965711545755305,0.016222867070014944,1,2,0
0,1,1,0.03787149578519381,0.024708674460484296,3,2,0
1,3,5,0.02503724594352897,0.006447549732954657,5,1,1
1,1,5,0.06448389822884351,0.06485677630278697,1,2,0
0,3,5,0.04605992730631679,0.006447549732954657,1,1,1
0,2,1,0.031006123403450467,0.0,1,1,1
0,3,3,0.007164877580982613,0.024230307867394114,5,6,0
1,3,5,0.03582438790491306,0.01684682349578475,1,3,0
0,3,1,0.06653100610912425,0.006447549732954657,5,1,1
0,3,1,0.02865951032393045,0.006534238079041609,1,1,1
0,3,1,0.016376863042245973,0.00790344805975087,1,1,1
1,3,1,0.01944752486266709,0.00669713230326258,1,1,1
0,1,1,0.03710328425118326,0.02163048942668659,1,1,1
0,3,1,0.03377728002463232,0.007206696717641253,3,1,1
1,3,1,0.030706618204211198,0.00790344805975087,1,1,1
0,3,1,0.02251818668308821,0.006568846862124307,1,1,1
1,2,1,0.04298926548589568,0.010815244713343296,1,1,1
1,3,5,0.02251818668308821,0.006447549732954657,5,1,1
1,1,5,0.026612402443649704,0.06559861889593221,1,1,1
1,1,5,0.01944752486266709,0.07577260279196436,3,2,0
0,2,1,0.03684794184505344,0.010711251975714995,3,1,1
0,3,5,0.024565294563368957,0.007362685824083705,1,1,1
0,3,1,0.024565294563368957,0.006568846862124307,1,1,1
0,1,1,0.021096718937481076,0.023062095049972833,3,1,1
0,3,1,0.02405351759329877,0.006014274390900104,3,1,1
0,1,3,0.0020471078802807466,0.09324334111642386,1,4,0
1,1,1,0.035934162269277765,0.025374227981305425,1,1,1
1,1,5,0.051177697007018665,0.09324334111642386,3,2,0
1,3,5,0.0417209147814226,0.006447549732954657,5,1,1
1,3,1,0.032566355842216545,0.01934264919886397,5,3,0
0,3,1,0.01944752486266709,0.0,1,1,1
1,2,5,0.03788559752967237,0.010274482477676131,5,1,1
0,3,1,0.024850265637379687,0.00669713230326258,1,1,1
1,1,3,0.0009416696249291434,0.09324334111642386,1,4,0
1,1,5,0.019461776043629208,0.09224846339408144,3,1,1
1,1,5,0.017400416982386344,0.09059847302177576,3,2,0
0,2,1,0.030706618204211198,0.019966605624633777,3,2,0
1,1,5,0.030706618204211198,0.04736178687191255,3,1,1
1,1,5,0.024565294563368957,0.06918287418812429,3,1,1
1,1,5,0.01842397092252672,0.09324334111642386,3,5,0
0,2,5,0.026612402443649704,0.02163048942668659,1,3,0
0,3,1,0.02865951032393045,0.006568846862124307,1,1,1
0,2,1,0.04401281942603605,0.021838474901943194,1,3,0
1,3,5,0.026612402443649704,0.006534238079041609,1,1,1
1,2,5,0.024565294563368957,0.02163048942668659,1,2,0
0,2,1,0.05527191276758015,0.011647186614369703,1,1,1
1,1,5,0.03173017214435157,0.09324334111642386,1,3,0
1,1,5,0.040942157605614926,0.09324334111642386,3,3,0
0,3,1,0.02251818668308821,0.006031578782441453,1,1,1
0,3,1,0.027635956383790076,0.006568846862124307,1,1,1
1,2,5,0.030706618204211198,0.010274482477676131,5,1,1
1,2,5,0.02251818668308821,0.02412631512976581,1,3,0
0,3,1,0.03628618866641402,0.05786155921638663,1,11,0
1,1,5,0.03684794184505344,0.09324334111642386,3,1,1
0,3,1,0.06243679034856277,0.005189237607652216,1,1,1
1,2,5,0.03684794184505344,0.010815244713343296,1,1,1
1,3,5,0.03173017214435157,0.01707560751856701,1,3,0
1,1,5,0.016376863042245973,0.04823532586799027,3,2,0
1,3,5,0.02318939475901821,0.01934264919886397,5,3,0
0,1,1,0.04657170427638698,0.02371034417925261,1,1,1
0,1,1,0.03889504972533418,0.09324334111642386,1,2,0
0,3,1,0.016376863042245973,0.014974954218475332,1,3,0
1,1,5,0.0216840629721565,0.09324334111642386,1,2,0
0,3,1,0.018391376178850314,0.006568846862124307,1,1,1
0,1,1,0.029683064264070823,0.05540733060835872,1,2,0
1,1,5,0.041965711545755305,0.09324334111642386,3,1,1
1,3,1,0.04605992730631679,0.00669713230326258,1,1,1
0,1,1,0.04605992730631679,0.02953393748643746,1,1,1
1,2,3,0.0020471078802807466,0.02163048942668659,1,3,0
1,1,5,0.024565294563368957,0.09324334111642386,1,6,0
0,2,1,0.02865951032393045,0.010815244713343296,1,1,1
0,2,1,0.025588848503509332,0.010815244713343296,1,1,1
0,2,1,0.03684794184505344,0.010815244713343296,1,1,1
1,2,5,0.024565294563368957,0.010815244713343296,1,1,1
1,2,5,0.040942157605614926,0.010815244713343296,1,1,1
1,3,5,0.0313131428963362,0.01339426460652516,1,2,0
1,3,3,0.0030706618204211196,0.013227876226319877,1,3,0
0,3,1,0.04298926548589568,0.007206696717641253,1,1,1
0,3,1,0.023541740623228585,0.007674664036968607,1,1,1
0,1,1,0.04057645669503805,0.02911796653592426,1,1,1
0,3,3,0.015353309102105599,0.006014274390900104,3,3,0
0,3,1,0.025588848503509332,0.014808565838270052,1,2,0
0,3,1,0.03950903034349412,0.006010780234915793,3,1,1
0,3,1,0.02865951032393045,0.00790344805975087,1,1,1
1,1,5,0.02251818668308821,0.0457568045564524,1,2,0
0,2,5,0.03889504972533418,0.010815244713343296,1,1,1
1,3,5,0.03871526656511389,0.006555036626567269,5,1,1
1,3,5,0.025556289418030224,0.006555036626567269,5,1,1
0,3,1,0.040942157605614926,0.023211179038636762,1,6,0
0,2,1,0.029683064264070823,0.023062095049972833,3,2,0
0,3,5,0.04605992730631679,0.012025054625815898,3,2,0
0,3,1,0.03582438790491306,0.005865190402236172,1,1,1
0,3,1,0.03252254347409572,0.012895099465909315,5,2,0
0,3,1,0.030706618204211198,0.006031578782441453,1,1,1
1,1,5,0.061413236408422396,0.06260362805223715,3,2,0
1,3,5,0.017359100628661098,0.006014274390900104,3,1,1
1,3,5,0.04097712577962947,0.006447549732954657,5,1,1
1,1,5,0.024565294563368957,0.057653573741130025,3,1,1
1,1,1,0.025588848503509332,0.046124273294135765,3,2,0
0,3,1,0.01842397092252672,0.005404128200687337,1,2,0
0,3,1,0.01944752486266709,0.00669713230326258,1,1,1
0,1,1,0.02251818668308821,0.09324334111642386,3,1,1
0,3,3,0.0030706618204211196,0.017533175564131535,1,5,0
1,1,5,0.02960269638814293,0.06836133156086072,3,2,0
1,3,5,0.02251818668308821,0.006031578782441453,1,1,1
0,1,1,0.027635956383790076,0.09324334111642386,3,3,0
0,3,1,0.020471078802807463,0.00333816687786846,3,1,1
0,3,1,0.01944752486266709,0.006468348280480317,1,1,1
1,1,5,0.04298926548589568,0.09324334111642386,3,1,1
1,3,3,0.0010235539401403733,0.013096179823387396,3,3,0
0,3,1,0.032753726084491945,0.006593139565634278,1,1,1
1,1,5,0.03582438790491306,0.04326097885337318,1,2,0
0,3,1,0.024359577837906793,0.006568846862124307,1,1,1
0,2,1,0.01842397092252672,0.06114772972544094,1,1,1
0,3,3,0.0010235539401403733,0.0390180751581385,1,8,0
1,2,5,0.03684794184505344,0.010815244713343296,1,1,1
0,3,1,0.02928456057839732,0.006430245341413308,5,1,1
1,2,5,0.017400416982386344,0.009983302812316889,3,1,1
1,1,1,0.03684794184505344,0.09324334111642386,1,4,0
1,3,1,0.02149463274294784,0.006485652672021666,1,1,1
0,3,1,0.02865951032393045,0.006593139565634278,1,3,0
1,1,5,0.023541740623228585,0.09324334111642386,3,2,0
1,3,5,0.024565294563368957,0.013893429747141002,1,3,0
0,3,1,0.02251818668308821,0.006485652672021666,1,1,1
0,3,5,0.03173017214435157,0.006534238079041609,1,1,1
0,2,1,0.04708348124645717,0.02163048942668659,1,1,1
0,2,1,0.023541740623228585,0.008735389960777277,1,1,1
1,2,5,0.02865951032393045,0.010524065047984053,1,1,1
1,3,1,0.039918603665474554,0.006593139565634278,1,1,1
0,3,1,0.026612402443649704,0.00669713230326258,1,1,1
0,3,5,0.02149463274294784,0.008173829177584451,1,2,0
0,3,1,0.02865951032393045,0.013186279131268555,1,2,0
0,3,5,0.020471078802807463,0.007206696717641253,1,1,1
0,2,1,0.03480083396477269,0.017470779921554554,1,2,0
0,3,1,0.052201250947159036,0.006447549732954657,1,1,1
1,2,3,0.0030706618204211196,0.015598910644245137,1,3,0
0,3,1,0.02149463274294784,0.006468348280480317,1,1,1
0,3,5,0.03324211734528673,0.021186814810869207,1,5,0
0,3,1,0.033063570299369946,0.006568846862124307,1,1,1
0,3,1,0.041910396854893624,0.00570570713980941,5,1,1
1,1,5,0.03377728002463232,0.07487477109237665,5,2,0
0,2,1,0.022965444280461513,0.0,1,1,1
1,3,1,0.04503637336617642,0.006593139565634278,1,1,1
0,3,5,0.03794669527818091,0.00669713230326258,1,1,1
1,2,5,0.03480083396477269,0.02703811178335824,1,3,0
1,2,5,0.01842397092252672,0.010815244713343296,1,3,0
0,2,1,0.030706618204211198,0.010815244713343296,1,1,1
0,3,3,0.010235539401403732,0.020091396909787736,1,3,0
0,3,1,0.02281577836907282,0.006568846862124307,3,1,1
0,3,1,0.02149463274294784,0.006433656303207516,5,1,1
0,3,1,0.029683064264070823,0.006551542470582958,1,1,1
0,3,5,0.02865951032393045,0.011979963374780266,1,3,0
0,3,1,0.01842397092252672,0.016815625674496258,1,3,0
0,3,1,0.01611004899067968,0.006031578782441453,1,1,1
1,2,5,0.02865951032393045,0.02163048942668659,1,2,0
1,2,5,0.01944752486266709,0.02163048942668659,1,1,1
0,3,1,0.040885424925763456,0.006447549732954657,5,1,1
1,3,1,0.032753726084491945,0.00669713230326258,1,1,1
1,1,1,0.02865951032393045,0.022088057472251114,1,1,1
1,3,5,0.04487842111428079,0.01339426460652516,1,2,0
1,2,5,0.04298926548589568,0.02163048942668659,1,2,0
0,3,1,0.017400416982386344,0.005927586044813153,1,1,1
0,1,1,0.051177697007018665,0.04650555226737617,1,2,0
1,1,3,0.014329755161965226,0.09324334111642386,1,4,0
0,3,5,0.02149463274294784,0.02859800284778275,1,5,0
1,2,5,0.024565294563368957,0.015598910644245137,1,6,0
0,1,1,0.06550745216898389,0.09324334111642386,1,6,0
0,2,1,0.03173017214435157,0.008735389960777277,1,1,1
1,2,5,0.04605992730631679,0.021838474901943194,1,3,0
0,3,1,0.020471078802807463,0.00790344805975087,1,1,1
0,3,1,0.025588848503509332,0.006468348280480317,1,2,0
1,2,5,0.02865951032393045,0.010815244713343296,1,1,1
1,3,1,0.01757411232913683,0.00674912867207673,1,1,1
1,1,3,0.004094215760561493,0.06810134971678997,1,3,0
1,2,3,0.013306201221824852,0.016222867070014944,1,2,0
1,1,1,0.03480083396477269,0.022088057472251114,1,1,1
1,3,3,0.005117769700701866,0.01602178671253686,3,4,0
1,1,1,0.05322480488729941,0.025374227981305425,1,1,1
0,2,1,0.03684794184505344,0.023086387753482804,1,4,0
0,3,1,0.033406049265713535,0.016611134355223968,1,2,0
0,1,1,0.030706618204211198,0.023086387753482804,3,1,1
1,1,1,0.050154143066878286,0.07412951753743721,3,2,0
0,3,1,0.018860840465124457,0.00669713230326258,1,1,1
1,3,1,0.029683064264070823,0.006568846862124307,3,1,1
0,1,1,0.06653100610912425,0.022088057472251114,1,1,1
1,1,5,0.024558468066026545,0.04314658684198205,1,2,0
1,2,5,0.051177697007018665,0.008735389960777277,1,1,1
0,3,1,0.03512830509913739,0.006447549732954657,5,1,1
1,1,1,0.049130589126737914,0.022088057472251114,1,1,1
0,3,1,0.03480083396477269,0.00669713230326258,1,1,1
0,1,1,0.04810703518659754,0.03202976318951668,1,1,1
0,2,1,0.049130589126737914,0.010815244713343296,1,1,1
0,3,1,0.015494927475721022,0.00669713230326258,1,1,1
0,3,1,0.03889504972533418,0.005865190402236172,1,1,1
0,2,1,0.02353560585418412,0.0,1,1,1
0,1,1,0.0573190206478609,0.022088057472251114,1,1,1
0,3,1,0.04197148516047675,0.0064267511854289965,5,1,1
1,3,3,0.0007676654551052799,0.01602178671253686,3,4,0
0,3,1,0.030712035107305285,0.006031578782441453,1,1,1
0,3,1,0.03889504972533418,0.007206696717641253,1,1,1
1,2,5,0.03377728002463232,0.023086387753482804,1,4,0
1,2,5,0.023541740623228585,0.011473893116385903,3,1,1
0,3,5,0.02251818668308821,0.008184228451347282,1,1,1
0,1,1,0.04318141283039651,0.04326097885337318,1,1,1
0,2,1,0.03480083396477269,0.017470779921554554,1,2,0
0,3,1,0.029683064264070823,0.0058616962462518605,1,2,0
0,3,1,0.02251818668308821,0.006256868649239405,1,1,1
1,3,3,0.0020471078802807466,0.01022248610886198,1,2,0
0,3,3,0.00921198546126336,0.0390180751581385,1,8,0
0,2,1,0.029659196457034544,0.0,1,1,1
0,3,1,0.051177697007018665,0.00669713230326258,1,1,1
1,3,5,0.06448389822884351,0.00797624297609068,1,1,1
1,1,1,0.025588848503509332,0.07577260279196436,3,2,0
0,3,5,0.02383724084527684,0.021186814810869207,1,5,0
1,1,5,0.03582438790491306,0.07487477109237665,1,2,0
0,1,1,0.059366128528141646,0.024708674460484296,3,1,1
0,3,1,0.030706618204211198,0.00669713230326258,1,1,1
1,3,3,0.00921198546126336,0.013227876226319877,1,3,0
0,3,1,0.02259460083278904,0.016611134355223968,1,2,0
0,3,1,0.02149463274294784,0.006031578782441453,1,1,1
0,1,1,0.05629546670772053,0.025374227981305425,1,1,1
0,1,1,0.0726723297499665,0.04118461825679147,3,1,1
0,3,1,0.02149463274294784,0.00669713230326258,1,1,1
0,3,1,0.022122570487716355,0.012028465587610105,3,1,1
1,1,5,0.05527191276758015,0.06511334718506352,3,2,0
0,3,1,0.03983136480363671,0.01256232270549875,1,1,1
0,1,5,0.025588848503509332,0.09324334111642386,1,4,0
0,3,1,0.024565294563368957,0.006485652672021666,1,1,1
0,3,1,0.017400416982386344,0.007206696717641253,1,1,1
0,3,5,0.02149463274294784,0.006447549732954657,5,1,1
0,3,5,0.04030327840058728,0.0063470511513106665,5,1,1
0,3,5,0.03787149578519381,0.00797624297609068,1,1,1
1,1,5,0.016376863042245973,0.07196297443878423,1,1,1
0,1,1,0.01842397092252672,0.09059847302177576,3,2,0
1,2,5,0.03377728002463232,0.02163048942668659,1,3,0
1,1,1,0.025692555335859544,0.022088057472251114,1,1,1
0,3,1,0.02865951032393045,0.018739491320619823,1,1,1
1,3,1,0.026612402443649704,0.04700122325200771,1,1,1
1,3,1,0.029683064264070823,0.006447549732954657,5,1,1
0,3,1,0.034271510588730035,0.00669713230326258,1,1,1
1,1,1,0.03684794184505344,0.021869672723231686,1,1,1
1,1,5,0.05527191276758015,0.04941734892096859,3,2,0
0,3,1,0.024565294563368957,0.006236070101713744,1,1,1
0,1,1,0.04810703518659754,0.0283033290264392,1,1,1
1,2,5,0.03480083396477269,0.008735389960777277,1,1,1
0,3,1,0.038483919457371944,0.020091396909787736,5,1,1
1,2,5,0.03684794184505344,0.02163048942668659,1,2,0
0,3,1,0.032753726084491945,0.006568846862124307,1,1,1
1,1,5,0.030706618204211198,0.07778656774596909,1,1,1
0,3,1,0.02251818668308821,0.006568846862124307,1,1,1
0,3,1,0.04366611553947763,0.006010780234915793,3,1,1
1,1,5,0.04503637336617642,0.04823532586799027,3,2,0
0,3,1,0.04119535269415841,0.006014274390900104,3,1,1
0,3,1,0.041453934575685115,0.006447549732954657,5,1,1
1,2,5,0.051177697007018665,0.008735389960777277,1,1,1
0,1,1,0.03075969279723544,0.09324334111642386,1,1,1
0,3,1,0.039918603665474554,0.006593139565634278,1,1,1
0,2,1,0.023541740623228585,0.009567331861803684,1,4,0
1,2,3,0.0020471078802807466,0.02163048942668659,1,3,0
0,3,1,0.03129453973661112,0.006014274390900104,3,1,1
0,3,1,0.017400416982386344,0.006014274390900104,3,3,0
1,3,5,0.015578889467873776,0.018600806605718723,3,3,0
0,3,5,0.030706618204211198,0.007206696717641253,1,1,1
1,2,3,0.007164877580982613,0.021838474901943194,1,3,0
0,1,1,0.04605992730631679,0.022088057472251114,1,1,1
1,1,5,0.030706618204211198,0.0885394168167354,3,1,1
0,3,1,0.04496665292951987,0.012063157564882906,1,1,1
1,1,5,0.02251818668308821,0.04118112410080716,3,3,0
1,1,5,0.03684794184505344,0.05906787497287492,1,3,0
0,3,3,0.00921198546126336,0.026018982954600887,1,7,0
0,3,3,0.011259093341544105,0.026018982954600887,1,7,0
1,2,1,0.032753726084491945,0.02163048942668659,1,2,0
0,1,1,0.051177697007018665,0.0885394168167354,3,2,0
0,1,1,0.06550745216898389,0.02163048942668659,1,1,1
1,2,5,0.01944752486266709,0.02163048942668659,1,2,0
1,2,1,0.029955596334484302,0.011532794602978572,3,1,1
0,3,1,0.03377728002463232,0.01707560751856701,1,3,0
1,2,3,0.008188431521122986,0.03057386486272047,1,3,0
1,1,1,0.017400416982386344,0.09224846339408144,3,3,0
0,2,1,0.027635956383790076,0.02163048942668659,1,1,1
0,3,1,0.03682036597937847,0.006513439531515949,5,1,1
1,3,1,0.02251818668308821,0.006010780234915793,3,1,1
1,3,5,0.02251818668308821,0.006468348280480317,1,1,1
0,1,1,0.06346034428870315,0.022088057472251114,1,1,1
1,1,5,0.049130589126737914,0.032944899280645736,3,2,0
0,1,1,0.04042787036107253,0.09324334111642386,3,1,1
1,1,5,0.039918603665474554,0.06626417241675335,1,3,0
1,3,5,0.03684794184505344,0.014475789077859487,1,2,0
0,3,1,0.034696649025449076,0.006447549732954657,5,1,1
0,3,1,0.040942157605614926,0.006568846862124307,1,1,1
0,2,1,0.02865951032393045,0.011231215663856499,1,1,1
0,3,1,0.02558909545020002,0.00669713230326258,1,1,1
0,3,5,0.021141908169241275,0.00669713230326258,1,1,1
0,3,1,0.024565294563368957,0.020091396909787736,1,3,0
0,3,1,0.01944752486266709,0.006568846862124307,1,1,1
0,3,5,0.029683064264070823,0.017533175564131535,1,5,0
0,3,1,0.03832921361778476,0.006014274390900104,3,1,1
1,3,1,0.032753726084491945,0.006534238079041609,1,1,1
1,2,1,0.06346034428870315,0.008735389960777277,1,1,1
1,1,5,0.05424835882743978,0.04282770351131863,1,3,0
1,1,1,0.03684794184505344,0.021952866913334323,1,1,1
1,3,5,0.019379555083259472,0.006447549732954657,5,1,1
0,3,1,0.016376863042245973,0.00669713230326258,1,1,1
0,3,1,0.01944752486266709,0.012063157564882906,1,1,1
1,2,5,0.03480083396477269,0.010815244713343296,1,1,1
1,1,5,0.039918603665474554,0.04650555226737617,1,2,0
0,3,5,0.03534938270178221,0.012028465587610105,3,2,0
1,3,1,0.032753726084491945,0.006593139565634278,1,1,1
1,2,5,0.025588848503509332,0.02495825703079222,1,3,0
1,1,5,0.039918603665474554,0.09224846339408144,3,3,0
0,2,1,0.05527191276758015,0.02163048942668659,1,1,1
0,1,1,0.03684794184505344,0.03338166877868459,3,1,1
0,3,1,0.03070777312293026,0.007248293812692574,3,1,1
1,1,5,0.01842397092252672,0.06626417241675335,1,3,0
0,2,1,0.04810703518659754,0.01247912851539611,1,1,1
1,1,1,0.061413236408422396,0.06588979856129147,3,3,0
0,3,1,0.02251818668308821,0.00669713230326258,1,1,1
0,3,1,0.039192541416909865,0.00669713230326258,1,1,1
0,3,1,0.03582438790491306,0.005927586044813153,1,1,1
1,1,5,0.05322480488729941,0.06511334718506352,3,2,0
0,3,1,0.04810703518659754,0.006031578782441453,1,1,1
0,3,5,0.022532147589076304,0.006447549732954657,5,3,0
0,2,1,0.03787149578519381,0.02163048942668659,1,2,0
0,3,1,0.03684794184505344,0.020091396909787736,1,3,0
1,2,5,0.03817041533391132,0.027454082733871444,1,1,1
0,3,1,0.050154143066878286,0.0,1,1,1
0,3,1,0.04201220828689629,0.006010780234915793,3,1,1
1,1,1,0.050154143066878286,0.04736178687191255,3,2,0
1,2,5,0.024565294563368957,0.022462431327712997,1,4,0
0,3,1,0.04031345500294286,0.006568846862124307,1,1,1
0,1,1,0.02016637950481964,0.03527433660351967,1,1,1
0,3,1,0.04503637336617642,0.00669713230326258,1,1,1
1,1,1,0.03582438790491306,0.022088057472251114,3,1,1
0,3,1,0.03684794184505344,0.012936696560960635,1,2,0
0,3,1,0.030706618204211198,0.006568846862124307,1,1,1
1,1,1,0.027635956383790076,0.025374227981305425,1,1,1
1,2,5,0.02251818668308821,0.034591478691157196,3,4,0
1,1,5,0.040942157605614926,0.09324334111642386,1,1,1
0,3,5,0.039918603665474554,0.026018982954600887,1,7,0
0,3,1,0.03007002988673924,0.005865190402236172,1,1,1
1,3,5,0.032186809401099435,0.012895099465909315,5,2,0
0,3,1,0.016295547106705808,0.006447549732954657,5,1,1
0,3,1,0.03582438790491306,0.00669713230326258,1,1,1
1,2,5,0.024565294563368957,0.05407622356671648,1,4,0
0,3,1,0.03480083396477269,0.011979963374780266,1,3,0
0,3,5,0.026612402443649704,0.01339426460652516,1,2,0
1,2,3,0.004094215760561493,0.03244573414002989,1,4,0
0,2,1,0.026612402443649704,0.008735389960777277,1,1,1
0,3,1,0.027635956383790076,0.012025054625815898,3,2,0
1,1,1,0.04298926548589568,0.04372204105492202,1,2,0
1,3,1,0.020471078802807463,0.013096179823387396,3,3,0
0,3,1,0.02149463274294784,0.006534238079041609,1,1,1
0,3,1,0.02149463274294784,0.01339426460652516,1,1,1
0,1,1,0.06243679034856277,0.026889027794694306,1,1,1
0,2,1,0.058342574588001274,0.010274482477676131,5,1,1
1,1,5,0.02149463274294784,0.06485677630278697,1,1,1
0,3,1,0.026612402443649704,0.006568846862124307,1,1,1
0,3,1,0.02400834641615084,0.006433656303207516,5,1,1
1,1,1,0.08188431521122985,0.02495825703079222,1,1,1
0,3,1,0.052201250947159036,0.005868684558220483,1,1,1
1,1,1,0.032753726084491945,0.025374227981305425,3,1,1
0,1,1,0.03506871464735693,0.0,1,1,1
0,3,3,0.00921198546126336,0.023211179038636762,1,6,0
1,2,5,0.02865951032393045,0.010815244713343296,1,1,1
0,3,1,0.032753726084491945,0.006593139565634278,1,1,1
0,2,1,0.03173017214435157,0.021838474901943194,1,3,0
0,3,5,0.041965711545755305,0.03301769419698554,1,6,0
0,3,1,0.028908055026818844,0.01339426460652516,1,2,0
0,3,1,0.020471078802807463,0.006534238079041609,1,1,1
1,1,5,0.024565294563368957,0.057653573741130025,3,1,1
0,3,3,0.0020471078802807466,0.023211179038636762,1,6,0
1,3,1,0.018999597756268916,0.04700122325200771,1,1,1
1,3,3,0.0007676654551052799,0.01602178671253686,3,4,0
1,1,1,0.049130589126737914,0.06383423651223542,3,2,0
0,3,1,0.01944752486266709,0.006568846862124307,1,1,1
1,1,1,0.0573190206478609,0.02953393748643746,3,1,1
0,3,1,0.037041318620464204,0.006281161352749375,1,1,1
1,3,5,0.023541740623228585,0.006281161352749375,1,1,1
0,3,1,0.025352946611414868,0.006568846862124307,1,1,1
1,2,5,0.01842397092252672,0.019134663723607368,1,2,0
0,3,1,0.02149463274294784,0.007016015633926001,1,1,1
1,3,5,0.028516503202280365,0.006513439531515949,5,1,1
0,3,5,0.01842397092252672,0.005615607831928249,5,1,1
0,2,1,0.024565294563368957,0.06114772972544094,1,3,0
0,3,1,0.038940747016951875,0.006568846862124307,1,1,1
0,3,5,0.032753726084491945,0.012895099465909315,5,3,0
0,2,1,0.023541740623228585,0.010815244713343296,1,1,1
0,1,1,0.059366128528141646,0.09324334111642386,3,3,0
1,1,1,0.051177697007018665,0.09324334111642386,1,3,0
0,3,1,0.040942157605614926,0.006010780234915793,3,1,1
0,1,1,0.04810703518659754,0.021287313392513198,1,1,1
0,3,1,0.03684794184505344,0.006236070101713744,1,1,1
1,3,1,0.020471078802807463,0.006593139565634278,1,2,0
0,2,1,0.032753726084491945,0.06114772972544094,1,3,0
0,2,1,0.025588848503509332,0.010815244713343296,1,1,1
0,3,1,0.041405402422530393,0.006468348280480317,1,1,1
0,3,1,0.04401281942603605,0.00669713230326258,1,1,1
1,1,5,0.03628018284299416,0.04326097885337318,1,2,0
1,2,5,0.040942157605614926,0.03244573414002989,1,3,0
0,1,1,0.03173017214435157,0.04326097885337318,1,2,0
0,2,1,0.07164877580982612,0.008735389960777277,1,1,1
1,2,1,0.03173017214435157,0.010815244713343296,1,1,1
0,2,1,0.03801459451863948,0.0,1,1,1
0,3,1,0.01842397092252672,0.006468348280480317,1,1,1
0,3,1,0.025077071533439143,0.00669713230326258,1,1,1
1,3,5,0.01842397092252672,0.008187722607331593,1,1,1
0,3,5,0.04401281942603605,0.0390180751581385,1,8,0
1,1,1,0.03684794184505344,0.09324334111642386,3,2,0
0,3,5,0.037178766897140024,0.0067699272196023895,5,1,1
1,1,1,0.027635956383790076,0.06383423651223542,3,1,1
0,3,1,0.020471078802807463,0.007674664036968607,1,1,1
0,3,3,0.014329755161965226,0.0390180751581385,1,8,0
0,2,1,0.061413236408422396,0.03244573414002989,1,3,0
0,2,1,0.025588848503509332,0.034591478691157196,3,4,0
0,3,3,0.014329755161965226,0.03301769419698554,1,6,0
0,3,1,0.01944752486266709,0.008461514686959383,1,1,1
0,3,1,0.01842397092252672,0.006485652672021666,1,1,1
1,1,3,0.015353309102105599,0.09324334111642386,1,2,0
1,1,1,0.03173017214435157,0.04742068835850522,1,2,0
1,3,3,0.004094215760561493,0.011161914903501,3,2,0
1,3,1,0.02408028248275537,0.04700122325200771,1,1,1
0,3,1,0.025588848503509332,0.006010780234915793,3,1,1
0,1,1,0.061413236408422396,0.022088057472251114,1,1,1
0,2,1,0.05322480488729941,0.011231215663856499,1,1,1
0,3,1,0.04503637336617642,0.00669713230326258,1,1,1
1,3,5,0.025605860574508067,0.006433656303207516,5,1,1
0,1,1,0.050154143066878286,0.09224846339408144,3,3,0
0,3,1,0.04298926548589568,0.006364355542852016,1,1,1
1,1,5,0.01842397092252672,0.09324334111642386,3,2,0
1,1,1,0.03582438790491306,0.021869672723231686,1,1,1
0,3,5,0.01842397092252672,0.012025054625815898,3,2,0
0,3,1,0.025588848503509332,0.006440644615176138,5,1,1
0,3,1,0.026612402443649704,0.006534238079041609,1,2,0
0,2,1,0.039918603665474554,0.02163048942668659,1,1,1
1,2,5,0.04605992730631679,0.011231215663856499,1,1,1
1,1,1,0.04298926548589568,0.021869672723231686,1,1,1
1,1,5,0.02251818668308821,0.09324334111642386,1,1,1
1,3,1,0.02437809889814201,0.0126836198346684,3,3,0
1,1,5,0.024565294563368957,0.04118461825679147,3,1,1
0,1,1,0.03161240084377091,0.022088057472251114,1,1,1
1,1,1,0.049130589126737914,0.04326097885337318,1,2,0
0,3,1,0.029683064264070823,0.007889554630003728,1,1,1
0,2,1,0.05322480488729941,0.010815244713343296,1,1,1
0,3,1,0.01944752486266709,0.006364355542852016,1,1,1
1,1,5,0.03889504972533418,0.09324334111642386,3,1,1
1,2,5,0.027635956383790076,0.008735389960777277,1,1,1
0,3,1,0.023754820704139864,0.012895099465909315,5,1,1
0,3,1,0.03377728002463232,0.006468348280480317,1,1,1
1,2,3,0.006141323640842239,0.027454082733871444,1,2,0
0,3,1,0.017400416982386344,0.005868684558220483,1,2,0
0,2,1,0.03480083396477269,0.010815244713343296,1,1,1
0,2,1,0.051177697007018665,0.010815244713343296,1,1,1
1,1,1,0.027635956383790076,0.04417611494450223,1,2,0
0,3,1,0.020471078802807463,0.007206696717641253,1,1,1
1,2,5,0.030706618204211198,0.017470779921554554,1,4,0
1,3,5,0.03615491862162992,0.006437150459191827,5,1,1
0,2,1,0.025588848503509332,0.02163048942668659,1,2,0
0,3,5,0.025588848503509332,0.006593139565634278,1,2,0
1,1,5,0.029683064264070823,0.09324334111642386,1,1,1
0,3,3,0.011259093341544105,0.01563010846553363,3,1,1
0,2,1,0.03572571258851368,0.0,1,1,1
0,2,1,0.023541740623228585,0.010815244713343296,1,1,1
0,2,1,0.023541740623228585,0.010815244713343296,1,1,1
0,3,1,0.029171287294000637,0.01339426460652516,1,1,1
0,3,5,0.049130589126737914,0.02859800284778275,1,5,0
1,1,1,0.03582438790491306,0.09324334111642386,3,1,1
0,3,1,0.03106329942044219,0.006568846862124307,1,1,1
0,3,1,0.017548658189552327,0.006568846862124307,1,1,1
1,1,1,0.03892199463217526,0.02495825703079222,1,1,1
0,1,1,0.03684794184505344,0.06559861889593221,1,2,0
1,1,5,0.02149463274294784,0.09324334111642386,3,5,0
0,3,1,0.024565294563368957,0.01339426460652516,1,2,0
1,3,1,0.03173017214435157,0.006593139565634278,1,1,1
0,1,1,0.07164877580982612,0.05906787497287492,1,3,0
0,3,1,0.016376863042245973,0.01684682349578475,1,3,0
1,2,5,0.030706618204211198,0.010815244713343296,1,1,1
0,1,1,0.01944752486266709,0.04417611494450223,1,2,0
0,3,1,0.03173017214435157,0.006447549732954657,5,1,1
1,2,3,0.004094215760561493,0.019134663723607368,1,3,0
1,3,3,0.006141323640842239,0.010378475215304432,1,2,0
0,3,1,0.03377728002463232,0.00790344805975087,1,1,1
0,3,1,0.023541740623228585,0.006568846862124307,1,1,1
1,2,5,0.049130589126737914,0.05407622356671648,1,4,0
1,2,3,0.0006857811398940501,0.012063157564882906,1,3,0
0,3,1,0.02865951032393045,0.006485652672021666,1,1,1
0,2,1,0.01842397092252672,0.009567331861803684,1,1,1
0,3,1,0.03480083396477269,0.00669713230326258,1,1,1
1,1,5,0.03377728002463232,0.07196297443878423,1,1,1
0,3,1,0.03979856361798568,0.012063157564882906,1,1,1
0,3,1,0.041965711545755305,0.005927586044813153,1,1,1
1,3,1,0.020471078802807463,0.006014274390900104,3,1,1
1,1,5,0.03684794184505344,0.09324334111642386,1,4,0
0,3,1,0.016376863042245973,0.006468348280480317,1,1,1
1,1,5,0.052201250947159036,0.06485677630278697,1,2,0
0,1,1,0.0344070731933766,0.032944899280645736,3,1,1
0,3,5,0.031218395174281384,0.006447549732954657,5,1,1
0,3,1,0.018978631364737698,0.020091396909787736,5,2,0
0,3,1,0.032753726084491945,0.006957114147333332,1,1,1
0,3,1,0.024565294563368957,0.00790344805975087,1,1,1
0,3,1,0.049130589126737914,0.006534238079041609,1,1,1
0,2,5,0.058342574588001274,0.008735389960777277,1,1,1
0,3,1,0.02519254395672529,0.006010780234915793,3,1,1
1,2,5,0.05527191276758015,0.019134663723607368,1,5,0
0,3,1,0.01842397092252672,0.006447549732954657,1,1,1
0,3,1,0.02482009271495885,0.006447549732954657,5,1,1
1,3,3,0.005117769700701866,0.010378475215304432,1,1,1
0,3,1,0.044396975326603194,0.006437150459191827,5,1,1
1,1,5,0.04401281942603605,0.09324334111642386,1,2,0
1,3,3,0.013306201221824852,0.006014274390900104,3,1,1
1,1,5,0.017400416982386344,0.04742068835850522,1,2,0
0,1,1,0.029683064264070823,0.02495825703079222,1,1,1
0,3,1,0.03697341251739711,0.01950903757906925,1,4,0
0,3,1,0.025588848503509332,0.005865190402236172,1,1,1
0,3,1,0.025588848503509332,0.006031578782441453,1,1,1
1,3,5,0.01842397092252672,0.006236070101713744,1,1,1
0,3,3,0.008188431521122986,0.024230307867394114,5,6,0
1,3,3,0.0010235539401403733,0.01711720461361833,1,4,0
0,1,1,0.04708348124645717,0.06588979856129147,3,1,1
0,3,1,0.0212767989485809,0.006447549732954657,5,1,1
0,2,1,0.016376863042245973,0.02163048942668659,1,1,1
0,3,5,0.02074465702263523,0.05786155921638663,1,11,0
0,1,1,0.019656178525250756,0.025537122205526393,3,1,1
0,3,1,0.025588848503509332,0.006568846862124307,1,1,1
0,2,1,0.039918603665474554,0.010815244713343296,1,1,1
1,1,5,0.050154143066878286,0.021571587940093923,1,1,1
1,3,5,0.03173017214435157,0.007224001109182602,1,1,1
0,3,1,0.030706618204211198,0.006014274390900104,3,1,1
0,3,5,0.030706618204211198,0.020091396909787736,1,3,0
0,2,1,0.03480083396477269,0.010815244713343296,1,1,1
1,2,5,0.03173017214435157,0.021838474901943194,1,3,0
1,1,3,0.011259093341544105,0.09324334111642386,1,4,0
1,3,3,0.00042989265485895674,0.007085399588471604,3,2,0
1,3,1,0.027635956383790076,0.005802794759659191,1,1,1
0,3,1,0.03173017214435157,0.006468348280480317,1,1,1
0,1,1,0.039918603665474554,0.0,1,1,1
0,3,5,0.01842397092252672,0.006468348280480317,1,1,1
0,2,1,0.039918603665474554,0.010815244713343296,1,1,1
1,1,5,0.03377728002463232,0.04417611494450223,1,2,0
0,3,1,0.026612402443649704,0.006561941744345788,1,1,1
0,3,1,0.039918603665474554,0.020091396909787736,1,1,1
0,2,1,0.03582438790491306,0.008735389960777277,1,1,1
0,3,3,0.006141323640842239,0.026018982954600887,1,7,0
0,3,1,0.031218395174281384,0.00669713230326258,1,1,1
0,1,1,0.035691363563327284,0.0,1,1,1
0,3,5,0.023541740623228585,0.006593139565634278,1,1,1
0,2,1,0.03173017214435157,0.03078534449396138,3,3,0
0,3,1,0.04401281942603605,0.005366025261620328,1,1,1
0,3,3,0.010235539401403732,0.023211179038636762,1,6,0
1,1,5,0.05322480488729941,0.07778656774596909,1,3,0
1,3,1,0.027635956383790076,0.007206696717641253,1,1,1
0,1,1,0.03889504972533418,0.0,1,1,1
1,3,5,0.027635956383790076,0.010378475215304432,1,2,0
0,3,3,0.0020471078802807466,0.03301769419698554,1,6,0
0,3,1,0.036059355499883025,0.005781996212133531,5,1,1
0,3,1,0.035022067541670594,0.04700122325200771,1,1,1
1,2,3,0.0010235539401403733,0.03078534449396138,3,3,0
1,3,1,0.019116463098935773,0.006447549732954657,5,1,1
1,1,5,0.06346034428870315,0.06655535208211259,1,1,1
1,3,3,0.015353309102105599,0.012025054625815898,3,2,0
1,2,3,0.0008495497703165097,0.015598910644245137,1,3,0
0,3,1,0.017307809763377927,0.006014274390900104,3,1,1
0,3,1,0.023541740623228585,0.006534238079041609,1,1,1
0,3,1,0.01842397092252672,0.006905117778519182,1,1,1
1,1,5,0.039918603665474554,0.06918287418812429,3,3,0
0,3,1,0.02149463274294784,0.007206696717641253,1,1,1
0,3,1,0.023282775336501464,0.00669713230326258,1,1,1
1,3,1,0.032753726084491945,0.04700122325200771,1,1,1
1,1,1,0.01852868258247246,0.024708674460484296,3,1,1
0,3,1,0.020471078802807463,0.006593139565634278,1,1,1
0,2,1,0.016376863042245973,0.008735389960777277,1,1,1
1,1,5,0.030706618204211198,0.02579019893181863,3,1,1
0,3,1,0.03531261093484288,0.005355625987857497,3,1,1
0,3,1,0.017400416982386344,0.007206696717641253,1,1,1
0,3,1,0.04298926548589568,0.006281161352749375,1,1,1
0,3,1,0.017759242859302228,0.05786155921638663,1,11,0
0,3,1,0.03582438790491306,0.006568846862124307,3,1,1
0,2,1,0.02865951032393045,0.027454082733871444,1,2,0
1,1,5,0.04241862605881665,0.07412951753743721,3,2,0
0,3,3,0.004094215760561493,0.026018982954600887,1,7,0
0,3,1,0.07574299157038762,0.006468348280480317,1,1,1
0,3,3,0.00921198546126336,0.0126836198346684,3,3,0
1,1,5,0.016376863042245973,0.03277851090044045,1,2,0
0,2,5,0.04503637336617642,0.02163048942668659,1,2,0
1,3,5,0.01842397092252672,0.007778656774596908,1,2,0
1,1,5,0.04605992730631679,0.09324334111642386,1,3,0
1,1,1,0.052201250947159036,0.022088057472251114,1,1,1
1,3,5,0.024565294563368957,0.01602178671253686,3,4,0
0,3,1,0.025579696726851,0.006014274390900104,3,1,1
0,3,1,0.041965711545755305,0.011737285922250863,1,3,0
0,2,1,0.02149463274294784,0.009567331861803684,1,2,0
1,1,5,0.049130589126737914,0.021571587940093923,1,1,1
0,3,5,0.04409087448683981,0.05786155921638663,1,11,0
0,2,1,0.024565294563368957,0.010815244713343296,1,1,1
1,2,5,0.04298926548589568,0.010815244713343296,1,1,1
1,2,5,0.027635956383790076,0.01152930044699426,3,2,0
0,1,1,0.03173017214435157,0.04200957184584926,1,1,1
0,3,1,0.02302721691183813,0.00790344805975087,1,1,1
1,3,3,0.004094215760561493,0.009262258766697302,1,3,0
0,3,1,0.026612402443649704,0.006568846862124307,1,1,1
1,1,5,0.04810703518659754,0.04372204105492202,1,3,0
0,1,1,0.03377728002463232,0.004159709505132037,1,1,1
0,3,1,0.04810703518659754,0.007487477109237666,1,1,1
1,2,5,0.02865951032393045,0.019966605624633777,3,2,0
1,3,3,0.015353309102105599,0.006010780234915793,3,1,1
0,3,1,0.020471078802807463,0.008191133569125802,1,1,1
0,3,1,0.01944752486266709,0.006568846862124307,1,1,1
0,3,1,0.03842889282597016,0.006568846862124307,1,1,1
1,1,5,0.0573190206478609,0.06918287418812429,3,2,0
1,2,5,0.025588848503509332,0.02163048942668659,1,2,0
0,3,1,0.03377728002463232,0.006568846862124307,1,1,1
0,3,5,0.02251818668308821,0.008749283390524418,1,1,1
0,2,1,0.02865951032393045,0.008735389960777277,1,1,1
0,3,1,0.025588848503509332,0.005865190402236172,1,1,1
0,3,5,0.039918603665474554,0.024230307867394114,5,6,0
0,2,1,0.027635956383790076,0.010815244713343296,1,1,1
1,1,5,0.01944752486266709,0.02495825703079222,1,1,1
0,3,5,0.0397065656410552,0.01950903757906925,1,4,0
1,1,1,0.026612402443649704,0.02495825703079222,3,1,1
0,3,1,0.032753726084491945,0.006447549732954657,5,1,1
